;aquacultures;aquaculture in a continental environment;aquaculture in the marine environment;commercial airports;military airports;sport flight airports and heliports;other wood crops;riverbeds and streams with abundant vegetation;riverbeds and streams with sparse vegetation;bathing areas;archaeological areas;gully areas;areas with agricultural crops and important natural spaces;areas with sparse other vegetation;active mining areas;inactive mining areas;urban waste areas;areas for telecommunications systems;areas affected by fires;commercial port areas;port areas for pleasure;port areas for fishing;sports areas;green areas associated with roads;embankments;racetracks;highways and expressways;artificial basins;natural basins;production basins;ruderal thickets;forests with a prevalence of beech trees;woods with a prevalence of oaks, hornbeams and chestnuts;woods with a prevalence of willows and poplars;coniferous forests;mixed coniferous and broad-leaved forests;lowland woods with a prevalence of oaks and ashes;campsites and tourist accommodation facilities;golf courses;canals and waterways;construction sites and excavations;fruit chestnut trees;bushes and shrubs;cemeteries;horticultural crops;temporary crops associated with permanent crops;scrap yards;municipal solid waste landfills;landfills and warehouses of quarries, mines and industries;orchards;goods sorting systems;photovoltaic systems;agro-zootechnical settlements;commercial settlements;installations of technological systems;service settlements;hospital settlements;production facilities;racecourses;olive groves;parks;amusement parks;cultivated poplar groves;high altitude prairies and moors;stable meadows;railway networks;networks for energy distribution and production;water distribution networks;road networks;recent reforestation;rice fields;bare rocks, cliffs and outcrops;salt pans;non-irrigated arable land;simple irrigated arable land;complex cultivation and parcel systems;dunes and sand beaches;isolated residential structures;reworked and artefacted soils;sparse residential fabric;compact and dense residential fabric;urban residential fabric;peat bogs;brackish valleys;shrubby and arboreal vegetation with scattered trees;vineyards;villas;nurseries;internal wetlands;brackish wetlands
aquacultures;0;0;0;0;0;0;0;0;0;0;0;0;0;0;0;0;0;0;0;0;0;0;0;0;0;0;0;0;0;0;0;0;0;0;0;0;0;0;0;0;0;0;0;0;0;0;0;0;0;0;0;0;0;0;0;0;0;0;0;0;0;0;0;0;0;0;0;0;0;0;0;0;0;0;0;0;0;0;0;0;0;0;0;0;0;0;0;0;0;0
aquaculture in a continental environment;0;775;0;0;0;0;0;0;0;0;0;0;0;0;0;0;1;0;0;0;0;0;102;11;1;0;0;439;0;0;0;0;0;0;0;0;1;0;10;55;1;0;0;0;1;2;0;0;0;0;0;2;13;0;5;1;0;2;1;0;0;0;0;0;2;0;0;1;2;0;0;0;0;0;22;3;0;3;2;0;0;0;0;0;0;0;7;0;535;0
aquaculture in the marine environment;0;0;0;0;0;0;0;0;0;0;0;0;0;0;0;0;0;0;0;0;0;0;0;0;0;0;0;0;0;0;0;0;0;0;0;0;0;0;0;0;0;0;0;0;0;0;0;0;0;0;0;0;0;0;0;0;0;0;0;0;0;0;0;0;0;0;0;0;0;0;0;0;0;0;0;0;0;0;0;0;0;0;0;0;0;0;0;0;0;0
commercial airports;0;0;0;0;0;0;0;0;0;0;0;0;0;0;0;0;0;0;0;0;0;0;0;0;0;0;0;0;0;0;0;0;0;0;0;0;0;0;0;0;0;0;0;0;0;0;0;0;0;0;0;0;0;0;0;0;0;0;0;0;0;0;0;0;0;0;0;0;0;0;0;0;0;0;0;0;0;0;0;0;0;0;0;0;0;0;0;0;0;0
military airports;0;0;0;0;0;0;0;0;0;0;0;0;0;0;0;0;0;0;0;0;0;0;0;0;0;0;0;0;0;0;0;0;0;0;0;0;0;0;0;0;0;0;0;0;0;0;0;0;0;0;0;0;0;0;0;0;0;0;0;0;0;0;0;0;0;0;0;0;0;0;0;0;0;0;0;0;0;0;0;0;0;0;0;0;0;0;0;0;0;0
sport flight airports and heliports;0;0;0;0;0;13;9;0;4;0;0;0;1;2;0;0;30;0;0;0;0;0;166;0;1;0;0;0;0;0;3;0;0;0;0;0;0;9;6;6;1;0;0;2;0;0;0;0;0;36;0;0;15;0;0;0;0;0;22;0;36;0;0;0;56;15;2;5;8;0;0;0;0;2;89;0;0;19;0;0;0;4;0;0;1;84;0;0;0;0
other wood crops;0;0;0;1;0;0;492;10;1;0;0;25;51;0;2;1;15;0;0;0;0;0;5;6;29;4;0;4;0;0;64;9;17;38;4;16;91;0;1;8;2;2;1;0;0;26;0;2;0;188;0;1;8;1;1;4;0;4;4;10;10;5;216;0;78;1;0;0;3;201;0;0;0;15;59;45;0;43;14;0;0;8;0;0;95;13;16;22;8;0
riverbeds and streams with abundant vegetation;0;2;0;1;0;0;13;832;183;0;0;7;4;38;23;6;19;0;0;0;0;0;15;12;34;7;1;7;0;0;79;0;38;147;3;8;63;2;0;20;3;0;0;5;2;4;4;5;22;4;0;0;0;0;4;10;1;6;10;0;16;0;22;0;6;20;0;8;11;15;0;8;0;8;52;6;0;14;20;4;0;8;0;0;57;0;41;9;31;0
riverbeds and streams with sparse vegetation;0;0;0;0;0;0;0;213;1062;0;0;1;2;26;59;7;22;1;0;0;0;0;5;5;134;5;2;87;22;2;5;0;1;17;4;1;1;0;0;34;19;0;0;1;1;8;2;0;2;4;0;0;1;2;1;1;0;2;11;0;9;0;15;0;2;16;5;3;12;4;0;3;0;3;20;13;0;5;56;1;0;1;0;0;14;8;0;0;37;0
bathing areas;0;0;0;0;0;0;0;0;0;0;0;0;0;0;0;0;0;0;0;0;0;0;0;0;0;0;0;0;0;0;0;0;0;0;0;0;0;0;0;0;0;0;0;0;0;0;0;0;0;0;0;0;0;0;0;0;0;0;0;0;0;0;0;0;0;0;0;0;0;0;0;0;0;0;0;0;0;0;0;0;0;0;0;0;0;0;0;0;0;0
archaeological areas;0;0;0;0;0;0;0;0;0;0;0;0;0;0;0;0;0;0;0;0;0;0;0;0;0;0;0;0;0;0;0;0;0;0;0;0;0;0;0;0;0;0;0;0;0;0;0;0;0;0;0;0;0;0;0;0;0;0;0;0;0;0;0;0;0;0;0;0;0;0;0;0;0;0;0;0;0;0;0;0;0;0;0;0;0;0;0;0;0;0
gully areas;0;0;0;1;1;0;1;0;1;0;0;1568;7;63;8;8;0;0;0;0;0;0;0;3;0;1;1;4;0;0;3;0;24;4;5;1;1;0;0;0;2;0;0;1;0;1;0;2;16;0;0;0;1;0;0;0;0;0;3;8;2;1;0;0;27;1;0;7;2;9;0;7;0;34;2;4;0;5;6;0;0;0;0;0;151;2;1;0;0;0
areas with agricultural crops and important natural spaces;0;0;0;0;0;1;37;15;1;0;1;13;337;1;0;2;5;1;0;0;0;0;15;2;0;6;1;11;0;0;23;11;179;12;9;18;2;2;3;0;9;47;0;7;0;77;4;2;0;24;0;0;13;0;0;17;1;1;9;18;21;6;0;1;254;0;4;0;19;49;0;1;0;160;21;155;0;142;3;6;0;32;0;0;123;6;50;10;0;0
areas with sparse other vegetation;0;0;0;0;0;0;1;11;84;0;0;399;7;707;78;46;1;0;0;0;0;0;9;4;0;4;6;0;0;0;2;15;122;1;15;61;0;0;0;0;2;1;0;2;0;0;0;6;8;0;0;0;2;0;0;0;0;0;1;4;0;0;0;0;16;0;0;1;13;0;0;133;0;15;0;2;0;1;11;0;0;1;0;0;208;0;0;0;0;0
active mining areas;0;5;0;7;0;1;2;158;163;0;3;5;1;10;346;41;49;0;0;0;0;0;17;4;42;1;3;145;78;1;7;22;16;12;0;0;1;0;0;24;256;0;0;0;9;0;4;1;43;8;2;0;5;4;7;2;0;14;14;1;1;10;29;2;14;67;0;2;7;4;0;1;0;19;33;2;0;1;42;0;0;2;0;0;49;0;2;6;173;0
inactive mining areas;0;3;0;0;0;0;0;236;41;0;0;6;2;171;145;133;42;0;0;0;0;0;0;8;4;6;0;56;1;1;9;0;2;10;0;0;1;0;0;1;28;0;0;0;2;0;0;6;17;30;0;1;11;1;1;9;0;0;32;0;0;5;20;0;68;34;0;0;0;27;1;12;0;3;16;4;0;4;377;0;0;0;0;0;200;8;3;11;191;0
urban waste areas;0;0;0;24;0;3;27;0;2;0;0;3;10;5;10;18;623;0;0;0;0;0;36;67;21;7;1;9;0;0;14;1;2;1;0;1;9;2;1;21;50;0;0;15;5;26;4;29;3;15;3;1;24;9;14;33;6;58;22;1;106;2;8;0;66;15;24;6;46;55;0;2;0;33;103;18;0;16;138;34;0;25;0;0;13;10;14;9;21;0
areas for telecommunications systems;0;0;0;0;0;7;1;0;0;0;0;0;6;0;0;0;14;0;0;0;0;0;0;0;0;2;0;0;0;0;0;0;0;0;0;0;0;0;0;0;0;0;0;2;0;0;2;172;0;0;0;0;18;1;0;1;0;2;2;3;0;0;0;0;2;0;0;0;9;0;0;0;0;0;33;1;0;27;10;0;0;1;0;0;2;0;4;2;0;0
areas affected by fires;0;0;0;0;0;0;0;0;0;0;0;0;0;0;0;0;0;0;0;0;0;0;0;0;0;0;0;0;0;0;0;0;0;0;0;0;0;0;0;0;0;0;0;0;0;0;0;0;0;0;0;0;0;0;0;0;0;0;0;0;0;0;0;0;0;0;0;0;0;0;0;0;0;0;0;0;0;0;0;0;0;0;0;0;0;0;0;0;0;0
commercial port areas;0;0;0;0;0;0;0;0;0;0;0;0;0;0;0;0;0;0;0;0;0;0;0;0;0;0;0;0;0;0;0;0;0;0;0;0;0;0;0;0;0;0;0;0;0;0;0;0;0;0;0;0;0;0;0;0;0;0;0;0;0;0;0;0;0;0;0;0;0;0;0;0;0;0;0;0;0;0;0;0;0;0;0;0;0;0;0;0;0;0
port areas for pleasure;0;4;0;0;0;0;0;1;14;0;0;0;0;0;5;0;0;8;0;0;0;0;6;0;37;0;0;77;0;0;0;0;0;8;0;0;0;0;0;16;0;0;0;0;0;0;0;0;0;0;0;0;34;0;18;0;0;0;0;0;12;0;0;1;0;0;0;0;0;0;0;0;0;0;0;0;0;0;0;0;0;0;0;0;0;0;0;0;1;0
port areas for fishing;0;0;0;0;0;0;0;0;0;0;0;0;0;0;0;0;0;0;0;0;0;0;0;0;0;0;0;0;0;0;0;0;0;0;0;0;0;0;0;0;0;0;0;0;0;0;0;0;0;0;0;0;0;0;0;0;0;0;0;0;0;0;0;0;0;0;0;0;0;0;0;0;0;0;0;0;0;0;0;0;0;0;0;0;0;0;0;0;0;0
sports areas;0;32;0;0;2;3;2;1;0;0;0;1;22;3;1;5;56;0;0;0;0;0;822;1;5;2;5;45;0;0;14;5;2;3;2;1;1;8;27;12;21;0;0;37;4;8;5;2;0;24;0;3;65;18;14;104;5;35;56;3;70;11;1;18;29;0;4;8;45;6;0;9;0;23;17;18;0;25;13;36;3;74;0;0;0;20;41;36;6;0
green areas associated with roads;0;0;0;1;0;5;7;0;0;0;0;0;6;0;5;1;122;0;0;0;0;0;18;790;16;0;183;7;0;0;38;0;5;3;0;0;12;0;0;40;8;0;0;8;6;8;5;1;1;3;10;2;8;9;18;21;6;30;1;0;23;0;0;0;23;83;9;4;186;8;0;1;0;7;119;9;0;17;33;8;0;20;0;0;7;3;7;27;2;0
embankments;0;0;0;5;0;0;2;33;37;0;0;1;4;3;3;4;10;0;0;0;0;0;9;9;1381;0;4;3;0;0;10;0;0;8;0;0;6;0;2;56;4;0;0;5;0;4;1;8;0;18;1;8;7;1;12;2;0;2;2;0;4;0;49;1;32;1;3;16;10;6;0;0;0;18;135;11;0;6;14;4;0;5;0;0;6;5;0;1;8;0
racetracks;0;1;0;0;0;13;1;18;7;0;0;371;15;76;75;2;74;7;0;0;0;0;27;43;2;155;0;86;0;0;6;0;25;0;2;11;0;0;7;1;177;4;0;2;26;16;0;14;15;24;1;0;10;62;56;2;0;11;20;3;5;5;9;0;48;0;18;2;75;8;0;6;0;91;75;20;0;11;47;0;0;0;0;0;85;19;2;4;2;0
highways and expressways;0;0;0;5;0;0;0;0;4;0;0;0;0;0;4;3;8;0;0;0;0;0;7;168;1;6;1403;0;0;0;5;0;0;0;0;0;0;0;0;8;4;0;0;4;1;0;2;0;0;0;38;0;1;20;5;7;7;25;1;0;1;0;0;0;1;48;0;1;177;0;0;0;0;0;15;2;0;1;4;1;0;3;0;0;0;1;4;4;0;0
artificial basins;0;85;0;1;0;1;9;40;48;0;0;8;3;0;48;10;18;0;0;0;0;0;58;6;6;3;6;910;12;0;14;0;6;13;3;1;6;2;1;81;7;1;0;0;32;2;1;1;5;16;1;2;15;1;11;4;0;3;1;0;18;4;5;0;14;0;8;18;9;12;1;1;0;15;41;11;0;19;24;0;0;3;0;0;11;6;9;10;259;0
natural basins;0;0;0;0;0;0;0;15;192;0;0;32;0;0;16;0;0;0;0;0;0;0;1;0;0;0;8;184;0;588;1;0;8;0;0;0;0;0;0;2;44;0;0;0;0;0;0;0;0;1;0;0;0;0;0;0;0;1;0;0;0;0;0;0;0;3;5;2;1;0;0;0;0;0;2;0;0;3;1;0;0;0;0;0;0;0;0;0;13;0
production basins;0;0;0;0;0;0;0;0;0;0;0;0;0;0;0;0;0;0;0;0;0;0;0;0;0;0;0;0;0;0;0;0;0;0;0;0;0;0;0;0;0;0;0;0;0;0;0;0;0;0;0;0;0;0;0;0;0;0;0;0;0;0;0;0;0;0;0;0;0;0;0;0;0;0;0;0;0;0;0;0;0;0;0;0;0;0;0;0;0;0
ruderal thickets;0;0;0;1;1;1;85;95;2;0;0;27;24;1;0;1;23;0;0;0;0;0;11;63;10;0;6;13;0;0;377;0;78;147;3;1;136;0;27;24;6;0;0;10;4;11;11;0;11;29;0;0;8;1;3;15;2;9;11;11;44;4;58;0;8;9;2;3;18;33;0;0;0;18;101;53;0;71;23;17;2;58;0;0;50;3;74;43;9;0
forests with a prevalence of beech trees;0;1;0;0;0;0;4;1;0;0;0;0;34;5;0;1;1;0;0;0;0;0;5;0;0;2;0;0;0;0;0;1624;70;2;16;76;3;2;0;0;0;87;11;0;0;1;0;0;0;0;0;0;0;0;0;2;0;0;0;0;0;0;0;10;9;0;0;0;0;4;0;2;0;0;0;3;0;2;1;0;0;1;1;0;17;1;0;0;1;0
woods with a prevalence of oaks, hornbeams and chestnuts;0;0;0;0;0;0;14;32;0;0;0;25;47;15;0;2;0;0;0;0;0;0;3;0;1;5;0;2;1;0;15;69;1282;22;38;108;1;0;1;0;0;75;1;1;0;3;0;0;0;4;0;0;2;0;0;3;0;0;2;0;4;0;0;1;29;0;0;1;8;23;0;1;0;25;0;7;0;24;0;0;0;7;0;0;78;2;12;2;2;0
woods with a prevalence of willows and poplars;0;0;0;1;0;0;49;359;18;0;0;24;10;8;1;6;26;0;0;0;0;0;10;12;27;5;0;26;0;0;189;0;88;354;7;7;143;5;0;24;0;0;0;2;2;9;1;0;9;10;0;0;11;0;2;5;1;2;1;1;32;1;114;0;4;14;0;1;7;75;0;0;0;4;62;10;0;15;27;0;0;3;0;0;75;1;45;5;50;0
coniferous forests;0;1;0;0;0;0;2;9;0;0;0;13;5;19;0;6;0;1;0;0;0;0;9;0;0;7;0;1;0;0;4;21;122;2;945;674;0;5;3;0;0;2;2;0;0;1;0;0;0;4;0;0;3;0;0;3;0;0;0;0;1;0;0;3;10;0;1;0;10;8;0;1;0;10;0;2;0;22;0;9;1;21;1;0;26;0;9;1;0;0
mixed coniferous and broad-leaved forests;0;0;0;0;0;0;5;42;0;0;0;58;20;48;0;2;1;0;0;0;0;0;6;0;0;7;0;0;0;0;5;62;440;7;320;775;0;0;1;0;0;15;0;0;0;1;0;1;0;2;0;0;0;0;0;0;0;0;0;0;2;0;0;0;33;0;0;2;2;15;0;3;0;13;0;2;0;13;5;0;0;1;0;0;87;2;1;0;1;0
lowland woods with a prevalence of oaks and ashes;0;7;0;0;0;0;74;36;0;0;0;0;4;0;0;1;21;0;0;0;0;0;1;6;5;0;0;52;0;0;67;0;16;174;0;0;738;3;0;141;0;1;0;2;9;4;0;0;0;26;1;0;12;0;6;7;0;1;3;0;15;0;49;0;1;3;0;6;4;107;0;0;0;4;150;11;0;16;14;0;0;5;0;0;6;4;106;44;37;0
campsites and tourist accommodation facilities;0;0;0;0;0;0;5;0;0;0;0;0;19;0;0;0;1;0;0;0;0;0;3;0;0;0;0;0;0;0;0;0;72;8;197;173;0;17;2;0;1;1;0;0;4;0;0;0;0;7;0;0;25;0;0;4;1;2;0;12;0;0;0;0;1;1;0;0;0;3;0;0;0;3;0;1;0;109;0;32;0;70;0;0;0;0;54;5;0;0
golf courses;0;1;0;0;0;1;1;9;0;0;0;0;0;1;0;2;36;1;0;0;0;0;463;3;0;0;3;142;0;0;6;0;0;14;0;0;1;4;758;2;0;0;0;5;0;0;0;0;4;8;0;0;1;2;1;11;4;3;53;3;57;17;0;0;17;6;1;4;15;13;0;0;0;2;11;75;0;29;0;1;0;18;0;0;23;0;164;4;0;0
canals and waterways;0;12;0;3;0;0;4;19;22;0;0;0;2;0;0;2;15;0;0;0;0;0;9;20;45;0;3;45;1;0;16;1;0;6;0;0;21;0;1;1366;2;0;0;2;11;4;1;3;0;5;0;2;9;1;3;4;0;2;3;0;13;3;8;0;8;6;1;18;27;5;3;0;0;0;122;11;0;25;9;3;0;3;0;0;2;8;9;9;42;0
construction sites and excavations;0;2;0;13;0;1;5;1;15;0;0;9;4;4;103;5;84;2;0;0;0;0;22;12;11;2;5;11;0;3;5;0;7;1;0;1;0;1;0;10;653;0;0;14;62;2;20;24;53;5;23;0;86;26;18;42;5;94;28;1;6;2;27;0;14;15;14;3;35;10;3;2;0;24;124;20;0;39;96;13;4;18;0;0;1;12;11;9;3;0
fruit chestnut trees;0;0;0;0;0;0;2;0;0;0;0;0;31;0;1;0;0;0;0;0;0;0;0;0;0;8;0;0;0;0;1;234;695;4;3;31;3;0;4;0;0;851;0;8;0;1;0;0;0;1;0;0;2;0;0;0;3;0;0;2;1;0;0;0;15;0;0;0;0;1;0;0;0;15;0;15;0;27;2;0;0;4;0;0;33;0;2;0;0;0
bushes and shrubs;0;0;0;0;0;0;0;0;0;0;0;0;0;0;0;0;0;0;0;0;0;0;0;0;0;0;0;0;0;0;0;0;0;0;0;0;0;0;0;0;0;0;0;0;0;0;0;0;0;0;0;0;0;0;0;0;0;0;0;0;0;0;0;0;0;0;0;0;0;0;0;0;0;0;0;0;0;0;0;0;0;0;0;0;0;0;0;0;0;0
cemeteries;0;0;0;2;8;2;14;0;0;0;0;4;3;0;1;0;11;0;0;0;0;0;41;8;3;2;0;2;0;0;6;0;10;0;3;4;0;1;1;1;32;0;0;574;0;2;7;10;4;5;0;0;164;21;15;132;7;42;25;0;14;0;2;0;28;10;5;5;81;0;0;0;0;9;52;8;0;174;25;164;6;178;0;0;1;8;51;12;0;0
horticultural crops;0;1;0;0;0;1;6;2;1;0;0;0;2;1;7;1;9;0;0;0;0;0;5;2;3;0;1;11;0;0;1;0;0;0;0;0;3;0;1;12;30;0;0;4;1284;4;1;4;2;38;12;20;53;0;1;1;0;3;24;0;5;1;25;0;6;5;8;1;10;4;1;6;0;15;187;42;0;21;7;3;0;7;0;0;7;26;4;48;10;0
temporary crops associated with permanent crops;0;0;0;17;0;9;64;2;5;0;0;0;42;0;11;3;90;0;0;0;0;0;59;4;11;8;1;11;0;0;26;0;10;2;0;0;6;0;4;23;14;18;0;12;28;224;0;4;2;53;0;0;27;2;6;16;1;1;33;14;99;5;16;0;146;2;2;1;5;80;0;1;0;102;271;173;0;51;37;10;0;8;0;0;17;40;50;7;14;0
scrap yards;0;0;0;1;0;4;5;5;0;0;0;0;5;0;5;0;5;0;0;0;0;0;2;3;0;9;10;0;0;0;2;0;1;0;2;0;0;0;0;0;118;0;0;1;0;0;18;5;1;0;51;0;8;198;1;24;9;249;43;0;0;0;0;0;0;130;4;4;25;0;0;0;0;1;3;0;0;14;0;5;0;15;0;0;3;0;0;0;0;0
municipal solid waste landfills;0;0;0;14;0;1;38;0;1;0;0;2;2;1;5;0;64;1;0;0;0;0;23;5;14;0;15;9;1;1;5;0;2;1;0;0;43;1;0;24;40;0;0;9;88;24;18;182;120;15;2;190;99;19;7;33;10;137;22;0;18;29;20;0;50;1;8;6;38;182;0;2;0;1;53;16;0;11;103;3;2;12;0;0;4;4;48;68;33;0
landfills and warehouses of quarries, mines and industries;0;0;0;0;0;0;0;7;22;0;0;67;7;110;34;256;15;0;0;0;0;0;6;20;0;3;1;9;0;0;0;0;5;0;0;1;0;0;0;1;0;0;0;0;11;22;0;9;84;0;0;0;14;0;0;0;0;20;13;0;0;0;0;0;549;5;4;0;29;0;0;2;0;488;0;1;0;7;21;0;0;0;0;0;157;0;0;0;0;0
orchards;0;0;0;1;0;0;53;3;0;0;0;1;7;0;3;0;9;0;0;0;0;0;7;6;10;2;0;2;0;0;10;0;7;2;0;0;1;0;1;5;11;0;0;2;15;15;0;1;2;1191;0;0;19;0;0;7;2;1;18;29;6;2;43;0;18;0;8;0;1;22;0;0;0;19;53;46;0;35;17;1;0;5;0;0;19;226;13;22;1;0
goods sorting systems;0;1;0;3;3;0;0;0;0;0;0;0;0;0;2;1;0;0;0;0;0;0;5;1;0;0;0;1;0;0;0;0;0;0;0;0;0;0;0;0;17;0;0;1;20;0;9;1;0;0;91;0;74;110;0;38;0;1472;1;0;3;0;0;0;0;1;10;0;32;0;0;0;0;0;10;1;0;0;8;2;1;2;0;0;0;0;0;79;0;0
photovoltaic systems;0;0;0;44;0;1;0;0;0;0;0;10;1;2;3;5;14;0;0;0;0;0;1;0;8;0;0;3;0;2;1;0;0;0;0;0;0;0;0;1;4;0;0;0;8;0;2;8;1;0;0;1742;18;4;1;7;1;11;1;0;1;0;0;0;4;0;5;1;3;4;0;0;0;7;58;1;0;2;9;0;0;0;0;0;0;1;0;0;0;0
agro-zootechnical settlements;0;4;0;5;0;5;3;2;0;0;0;2;11;1;7;1;21;0;0;0;0;0;29;5;10;3;2;18;1;1;5;1;5;1;0;0;4;0;2;9;63;0;0;49;8;7;12;8;8;23;4;5;779;16;11;34;3;89;78;4;11;1;4;0;16;6;44;4;25;4;1;1;0;31;72;31;0;182;52;27;0;55;0;0;7;13;30;23;1;0
commercial settlements;0;0;0;7;0;2;5;0;1;0;0;0;0;0;10;0;18;1;0;0;0;0;18;7;1;0;68;4;0;0;5;0;0;0;0;0;0;0;0;9;29;0;0;22;1;0;19;23;14;0;22;2;68;616;17;93;28;488;5;0;5;0;0;0;1;12;29;4;151;0;0;0;0;1;6;0;0;27;34;79;15;18;0;0;1;0;2;12;0;0
installations of technological systems;0;8;0;0;0;16;24;25;7;0;0;0;1;0;0;1;55;0;0;0;0;0;23;24;123;1;2;79;12;0;13;0;30;9;0;2;90;2;0;134;45;5;0;19;6;3;4;26;1;0;1;0;119;3;192;60;0;38;22;1;117;12;16;0;35;12;39;6;83;32;0;0;0;9;66;39;0;125;51;4;0;33;0;0;4;5;25;16;45;0
service settlements;0;1;0;6;0;0;38;37;1;0;0;1;11;2;11;7;76;0;0;0;0;0;120;11;10;8;3;8;0;0;16;1;27;84;1;4;24;5;2;9;16;0;0;71;2;4;2;10;0;3;0;2;68;83;17;261;76;98;35;1;69;5;13;0;9;12;10;9;74;25;0;1;0;3;16;17;0;72;77;103;15;107;0;0;11;0;60;17;2;0
hospital settlements;0;1;0;0;1;0;1;0;0;0;0;0;9;0;0;0;31;0;0;0;0;0;4;14;47;0;12;0;0;0;1;0;0;2;1;3;0;2;0;9;22;0;0;28;3;8;3;3;1;3;4;0;71;50;2;457;11;118;30;0;106;0;0;0;23;43;18;32;184;98;1;0;0;1;29;0;0;62;2;165;13;140;0;0;4;4;82;1;7;0
production facilities;0;1;0;12;4;3;2;3;3;0;0;3;0;0;9;1;49;0;0;0;0;0;27;11;2;0;13;26;1;2;5;0;0;0;0;1;1;2;0;4;47;0;0;13;2;1;19;6;3;1;106;5;90;220;11;73;10;888;16;0;9;3;2;0;3;33;18;6;86;1;0;0;0;1;16;3;0;8;37;26;6;30;0;0;0;0;1;10;5;0
racecourses;0;0;0;0;0;28;15;2;1;0;0;0;5;0;0;6;60;0;0;0;0;0;195;4;18;6;1;13;0;0;3;0;1;13;0;0;6;2;112;35;18;0;0;27;20;40;3;6;11;42;1;1;115;2;2;58;1;13;332;7;84;3;26;1;15;3;6;4;14;11;0;0;0;27;209;42;0;99;59;11;0;29;0;0;8;17;76;28;3;0
olive groves;0;0;0;3;0;36;13;3;0;0;1;11;4;0;0;0;13;0;0;0;0;0;19;9;0;2;0;3;1;0;5;0;5;0;0;0;0;5;0;1;11;0;0;8;0;3;3;0;16;405;2;0;9;7;1;4;7;8;75;635;90;19;0;0;18;1;35;0;19;3;0;0;0;62;54;186;0;60;1;0;0;27;0;0;17;42;33;5;0;0
parks;0;3;0;5;2;1;38;6;6;0;0;0;3;0;2;0;168;0;0;0;0;0;200;33;7;0;5;1;0;0;21;0;0;11;25;2;5;2;1;14;23;1;0;27;2;21;4;21;1;8;7;0;28;22;16;70;9;15;37;0;476;11;18;0;13;4;10;3;53;24;0;2;0;4;30;38;0;35;38;82;4;139;0;0;7;11;92;21;12;0
amusement parks;0;23;0;0;0;21;3;60;7;0;0;14;7;37;22;53;103;0;0;0;0;0;189;26;2;63;0;256;1;0;19;0;5;1;1;21;0;5;68;12;19;0;0;9;2;5;1;8;7;1;0;24;26;17;24;27;12;9;10;26;28;5;1;0;61;0;4;17;98;42;0;0;0;72;12;61;0;21;6;0;0;59;0;0;92;26;66;57;26;0
cultivated poplar groves;0;0;0;0;0;0;94;102;8;0;0;0;2;1;1;3;19;0;0;0;0;0;7;4;43;1;1;0;0;0;14;1;0;28;0;1;24;0;0;12;14;0;0;0;27;7;0;1;1;31;0;1;4;0;1;0;1;0;0;1;4;0;1239;0;13;2;1;1;6;41;0;1;0;1;118;9;0;4;5;0;0;3;0;0;62;13;4;8;10;0
high altitude prairies and moors;0;0;0;0;0;0;0;0;0;0;0;0;3;97;0;0;0;0;0;0;0;0;4;0;0;0;0;0;0;0;0;34;0;0;0;3;0;0;0;0;0;0;22;0;0;0;0;0;0;0;0;1;0;0;0;0;0;0;0;0;0;0;0;1793;3;0;0;0;0;0;0;38;0;0;0;0;0;0;0;0;0;0;1;0;0;0;0;0;1;0
stable meadows;0;0;0;2;1;5;15;9;4;0;0;52;114;6;3;2;26;3;0;0;0;0;16;3;3;15;0;3;0;1;1;5;47;1;6;11;1;0;2;5;3;6;0;4;3;67;0;3;3;10;0;3;11;0;2;2;1;0;10;10;5;1;7;3;696;3;3;0;7;43;0;0;0;495;87;23;0;17;9;0;0;9;0;0;78;10;2;1;1;0
railway networks;0;0;0;3;0;0;1;25;6;0;0;0;1;0;0;4;19;0;0;0;0;0;8;217;15;2;104;11;1;0;40;0;1;6;0;0;5;0;1;46;16;0;0;21;7;6;9;11;1;0;0;1;19;28;13;10;4;42;4;0;6;0;3;0;2;773;16;2;234;13;0;0;0;4;89;30;0;37;16;18;1;14;0;0;7;10;7;8;2;0
networks for energy distribution and production;0;14;0;50;0;23;4;1;2;0;0;0;0;7;19;6;89;1;0;0;0;0;29;16;16;6;2;28;0;0;2;0;2;0;8;3;0;1;1;23;201;0;0;14;16;1;4;50;11;5;7;7;172;58;22;77;4;194;29;0;8;7;6;0;22;15;261;24;68;4;1;3;0;4;51;2;0;10;184;6;0;0;0;0;69;2;1;21;6;0
water distribution networks;0;21;0;0;0;0;0;0;11;0;0;0;1;0;0;0;4;0;0;0;0;0;2;4;21;2;0;10;0;0;1;12;2;0;0;0;1;0;1;63;4;0;0;12;13;2;3;5;0;0;0;1;16;0;16;54;1;7;0;0;0;7;1;0;11;2;14;41;30;1;1;0;0;1;33;15;0;51;29;21;0;38;0;0;0;2;6;3;0;0
road networks;0;0;0;2;1;6;2;10;3;0;0;1;7;2;1;1;20;1;0;0;0;0;24;44;15;2;37;2;0;0;7;1;35;0;2;6;5;1;0;55;25;4;0;40;5;3;9;9;1;4;7;0;31;47;13;57;15;85;3;0;16;0;0;0;14;72;7;4;683;0;0;1;0;22;89;12;0;47;29;231;9;81;0;0;6;3;13;10;0;0
recent reforestation;0;2;0;0;0;2;200;18;4;0;0;85;37;1;1;1;56;0;0;0;0;0;11;17;23;3;1;23;0;0;58;5;72;14;34;21;106;6;0;37;8;28;0;0;5;46;1;7;5;71;2;2;8;0;2;12;0;4;17;7;16;0;77;0;46;3;1;5;0;372;0;0;0;24;70;29;0;33;21;0;0;5;0;0;88;1;25;48;73;0
rice fields;0;0;0;0;0;0;0;0;0;0;0;0;0;0;0;0;0;0;0;0;0;0;0;0;0;0;0;0;0;0;0;0;0;0;0;0;0;0;0;0;0;0;0;0;0;0;0;0;0;0;0;0;0;0;0;0;0;0;0;0;0;0;0;0;0;0;0;0;0;0;0;0;0;0;0;0;0;0;0;0;0;0;0;0;0;0;0;0;0;0
bare rocks, cliffs and outcrops;0;0;0;0;0;0;0;0;0;0;0;139;0;193;4;0;0;0;0;0;0;0;0;0;0;0;0;0;0;0;0;14;55;0;0;2;0;0;0;0;0;0;0;47;0;0;0;0;0;0;0;0;0;0;0;0;0;0;0;0;0;0;0;0;0;0;0;0;5;0;0;135;0;19;0;1;0;20;12;7;0;1;0;0;24;0;19;0;0;0
salt pans;0;0;0;0;0;0;0;0;0;0;0;0;0;0;0;0;0;0;0;0;0;0;0;0;0;0;0;0;0;0;0;0;0;0;0;0;0;0;0;0;0;0;0;0;0;0;0;0;0;0;0;0;0;0;0;0;0;0;0;0;0;0;0;0;0;0;0;0;0;0;0;0;0;0;0;0;0;0;0;0;0;0;0;0;0;0;0;0;0;0
non-irrigated arable land;0;0;0;1;0;1;4;4;1;0;0;21;57;5;4;2;12;0;0;0;0;0;5;0;1;9;0;3;1;0;4;1;19;1;1;1;0;0;2;1;27;6;0;2;10;40;0;6;2;24;0;1;14;0;1;1;0;0;7;14;12;0;1;1;287;1;0;1;8;10;2;1;0;1125;133;21;0;30;4;1;0;9;0;0;23;9;3;2;0;0
simple irrigated arable land;0;4;0;1;0;5;1;0;0;0;0;0;0;0;3;0;16;0;0;0;0;0;5;3;15;3;0;1;0;0;2;0;0;0;0;0;3;0;0;18;9;0;0;4;53;16;0;2;1;12;1;2;3;0;0;3;0;2;7;2;7;1;20;0;29;8;1;1;7;5;1;0;0;36;1647;2;0;8;7;0;0;1;0;0;1;10;3;4;4;0
complex cultivation and parcel systems;0;0;0;1;0;3;28;8;2;0;0;4;39;1;1;4;42;0;0;0;0;0;66;9;21;7;0;8;2;0;32;0;35;13;0;4;4;2;12;9;26;3;0;18;20;45;5;5;8;114;5;2;56;1;2;14;1;16;61;37;52;4;7;0;70;13;5;13;24;46;0;4;0;70;104;316;0;161;34;18;2;81;0;0;16;34;85;44;1;0
dunes and sand beaches;0;0;0;0;0;0;0;0;0;0;0;0;0;0;0;0;0;0;0;0;0;0;0;0;0;0;0;0;0;0;0;0;0;0;0;0;0;0;0;0;0;0;0;0;0;0;0;0;0;0;0;0;0;0;0;0;0;0;0;0;0;0;0;0;0;0;0;0;0;0;0;0;0;0;0;0;0;0;0;0;0;0;0;0;0;0;0;0;0;0
isolated residential structures;0;0;0;0;1;3;7;2;2;0;0;5;28;1;2;1;14;1;0;0;0;0;20;5;9;3;0;6;0;0;14;1;16;5;4;7;4;5;2;13;30;3;0;63;11;13;3;2;2;30;0;1;211;2;7;33;3;10;42;11;23;4;2;0;32;3;5;3;39;9;0;2;0;26;74;47;0;674;39;40;0;184;0;0;4;25;87;18;2;0
reworked and artefacted soils;0;0;0;2;0;4;5;5;0;0;0;10;7;3;41;13;200;0;0;0;0;0;32;47;33;3;2;10;0;0;38;0;3;6;0;1;10;2;1;32;90;0;0;25;6;5;2;18;28;17;4;18;113;6;21;30;2;57;40;1;14;11;11;0;13;24;37;15;42;22;0;1;0;13;140;32;0;104;379;19;0;35;0;0;11;5;19;15;45;0
sparse residential fabric;0;0;0;1;0;0;2;0;2;0;0;1;4;0;1;0;13;0;0;0;0;0;17;0;0;0;1;0;0;0;3;0;2;0;1;1;0;3;1;6;12;0;0;74;0;1;3;4;0;2;0;1;33;17;9;97;13;25;11;0;25;3;0;0;4;12;5;1;129;1;0;0;0;3;9;12;0;69;8;1068;40;222;0;0;1;3;19;5;0;0
compact and dense residential fabric;0;0;0;0;0;0;0;5;0;0;0;6;0;1;1;0;0;0;0;0;0;0;1;0;6;0;0;0;0;0;1;0;0;2;0;0;0;0;0;0;0;0;0;11;0;0;0;0;0;0;0;0;34;25;0;199;4;19;0;1;0;0;0;0;0;10;1;3;140;0;0;5;0;0;10;1;0;21;1;398;1061;30;0;0;0;0;1;2;0;0
urban residential fabric;0;0;0;3;0;1;6;0;3;0;1;4;18;1;0;0;41;0;0;0;0;0;38;3;6;1;3;1;0;0;10;1;13;2;8;8;2;8;1;8;20;4;0;66;6;6;0;4;2;15;1;0;85;12;7;64;9;31;27;4;68;1;3;0;10;10;8;8;69;6;0;0;0;8;31;38;0;284;18;270;0;483;0;0;3;7;110;11;0;0
peat bogs;0;0;0;0;0;0;0;0;0;0;0;0;0;5;0;0;0;0;0;0;0;0;0;0;0;0;0;0;0;0;0;19;0;0;0;0;0;0;0;0;0;0;0;0;0;0;0;0;0;0;0;0;0;0;0;0;0;0;0;0;0;0;0;219;0;0;0;0;0;0;0;0;0;0;0;0;0;0;0;0;0;0;0;0;4;0;0;0;10;0
brackish valleys;0;0;0;0;0;0;0;0;0;0;0;0;0;0;0;0;0;0;0;0;0;0;0;0;0;0;0;0;0;0;0;0;0;0;0;0;0;0;0;0;0;0;0;0;0;0;0;0;0;0;0;0;0;0;0;0;0;0;0;0;0;0;0;0;0;0;0;0;0;0;0;0;0;0;0;0;0;0;0;0;0;0;0;0;0;0;0;0;0;0
shrubby and arboreal vegetation with scattered trees;0;0;0;0;1;1;15;29;4;0;0;322;47;84;3;8;16;3;0;0;0;0;3;6;2;5;0;4;0;0;17;11;177;19;48;49;6;1;3;1;1;12;1;0;1;16;0;6;10;10;0;0;1;0;1;4;1;0;4;4;8;0;6;0;84;0;2;1;3;59;0;2;0;62;10;23;0;19;13;0;0;2;0;0;718;5;9;6;11;0
vineyards;0;0;0;1;0;1;4;0;0;0;0;0;2;0;1;0;8;0;0;0;0;0;5;3;1;0;0;2;0;0;1;0;1;0;0;0;1;1;1;5;10;4;0;2;11;5;0;1;2;128;0;0;6;0;0;0;2;0;7;29;4;0;10;0;8;2;5;0;2;8;0;1;0;10;33;35;0;15;7;1;0;5;0;0;3;1590;1;13;2;0
villas;0;0;0;2;0;1;39;2;2;0;0;5;8;0;1;0;19;1;0;0;0;0;74;9;7;0;3;11;0;0;46;0;3;15;3;0;34;0;15;13;9;0;0;38;2;17;2;3;1;23;0;0;36;0;3;57;5;5;51;22;176;3;9;0;25;4;4;11;17;16;0;0;0;11;56;54;0;217;20;24;1;203;0;0;7;13;490;41;11;0
nurseries;0;4;0;1;0;1;54;0;0;0;0;0;1;0;0;0;71;0;0;0;0;0;33;6;20;1;0;22;1;0;25;0;10;6;0;3;14;0;1;14;93;0;0;6;34;18;5;3;8;115;4;2;68;13;4;34;5;24;66;10;51;1;168;0;4;5;4;7;16;49;4;0;0;6;143;106;0;100;31;15;0;42;0;0;8;2;48;367;23;0
internal wetlands;0;84;0;0;0;0;11;23;30;0;0;4;6;0;17;9;72;0;0;0;0;0;4;10;7;0;2;156;2;0;5;0;1;100;0;0;17;0;0;57;7;0;0;0;5;23;1;8;3;4;0;6;10;0;3;0;0;6;0;0;2;0;5;4;6;4;2;4;3;35;4;1;0;4;60;5;0;3;24;0;0;0;0;0;15;2;8;4;1112;0
brackish wetlands;0;0;0;0;0;0;0;0;0;0;0;0;0;0;0;0;0;0;0;0;0;0;0;0;0;0;0;0;0;0;0;0;0;0;0;0;0;0;0;0;0;0;0;0;0;0;0;0;0;0;0;0;0;0;0;0;0;0;0;0;0;0;0;0;0;0;0;0;0;0;0;0;0;0;0;0;0;0;0;0;0;0;0;0;0;0;0;0;0;0
